test1,P@ssw0rd
test2,P@ssw0rd
test3,P@ssw0rd
test4,P@ssw0rd
test5,P@ssw0rd
test6,P@ssw0rd
test7,P@ssw0rd
test8,P@ssw0rd
test9,P@ssw0rd
test10,P@ssw0rd
test11,P@ssw0rd
test12,P@ssw0rd
test13,P@ssw0rd
test14,P@ssw0rd
test15,P@ssw0rd
test16,P@ssw0rd
test17,P@ssw0rd
test18,P@ssw0rd
test19,P@ssw0rd
test20,P@ssw0rd
test21,P@ssw0rd
test22,P@ssw0rd
test23,P@ssw0rd
test24,P@ssw0rd
test25,P@ssw0rd
test26,P@ssw0rd
test27,P@ssw0rd
test28,P@ssw0rd
test29,P@ssw0rd
test30,P@ssw0rd
test31,P@ssw0rd
test32,P@ssw0rd
test33,P@ssw0rd
test34,P@ssw0rd
test35,P@ssw0rd
test36,P@ssw0rd
test37,P@ssw0rd
test38,P@ssw0rd
test39,P@ssw0rd
test40,P@ssw0rd
test41,P@ssw0rd
test42,P@ssw0rd
test43,P@ssw0rd
test44,P@ssw0rd
test45,P@ssw0rd
test46,P@ssw0rd
test47,P@ssw0rd
test48,P@ssw0rd
test49,P@ssw0rd
test50,P@ssw0rd
test51,P@ssw0rd
test52,P@ssw0rd
test53,P@ssw0rd
test54,P@ssw0rd
test55,P@ssw0rd
test56,P@ssw0rd
test57,P@ssw0rd
test58,P@ssw0rd
test59,P@ssw0rd
test60,P@ssw0rd
test61,P@ssw0rd
test62,P@ssw0rd
test63,P@ssw0rd
test64,P@ssw0rd
test65,P@ssw0rd
test66,P@ssw0rd
test67,P@ssw0rd
test68,P@ssw0rd
test69,P@ssw0rd
test70,P@ssw0rd
test71,P@ssw0rd
test72,P@ssw0rd
test73,P@ssw0rd
test74,P@ssw0rd
test75,P@ssw0rd
test76,P@ssw0rd
test77,P@ssw0rd
test78,P@ssw0rd
test79,P@ssw0rd
test80,P@ssw0rd
test81,P@ssw0rd
test82,P@ssw0rd
test83,P@ssw0rd
test84,P@ssw0rd
test85,P@ssw0rd
test86,P@ssw0rd
test87,P@ssw0rd
test88,P@ssw0rd
test89,P@ssw0rd
test90,P@ssw0rd
test91,P@ssw0rd
test92,P@ssw0rd
test93,P@ssw0rd
test94,P@ssw0rd
test95,P@ssw0rd
test96,P@ssw0rd
test97,P@ssw0rd
test98,P@ssw0rd
test99,P@ssw0rd
test100,P@ssw0rd
test101,P@ssw0rd
test102,P@ssw0rd
test103,P@ssw0rd
test104,P@ssw0rd
test105,P@ssw0rd
test106,P@ssw0rd
test107,P@ssw0rd
test108,P@ssw0rd
test109,P@ssw0rd
test110,P@ssw0rd
test111,P@ssw0rd
test112,P@ssw0rd
test113,P@ssw0rd
test114,P@ssw0rd
test115,P@ssw0rd
test116,P@ssw0rd
test117,P@ssw0rd
test118,P@ssw0rd
test119,P@ssw0rd
test120,P@ssw0rd
test121,P@ssw0rd
test122,P@ssw0rd
test123,P@ssw0rd
test124,P@ssw0rd
test125,P@ssw0rd
test126,P@ssw0rd
test127,P@ssw0rd
test128,P@ssw0rd
test129,P@ssw0rd
test130,P@ssw0rd
test131,P@ssw0rd
test132,P@ssw0rd
test133,P@ssw0rd
test134,P@ssw0rd
test135,P@ssw0rd
test136,P@ssw0rd
test137,P@ssw0rd
test138,P@ssw0rd
test139,P@ssw0rd
test140,P@ssw0rd
test141,P@ssw0rd
test142,P@ssw0rd
test143,P@ssw0rd
test144,P@ssw0rd
test145,P@ssw0rd
test146,P@ssw0rd
test147,P@ssw0rd
test148,P@ssw0rd
test149,P@ssw0rd
test150,P@ssw0rd
test151,P@ssw0rd
test152,P@ssw0rd
test153,P@ssw0rd
test154,P@ssw0rd
test155,P@ssw0rd
test156,P@ssw0rd
test157,P@ssw0rd
test158,P@ssw0rd
test159,P@ssw0rd
test160,P@ssw0rd
test161,P@ssw0rd
test162,P@ssw0rd
test163,P@ssw0rd
test164,P@ssw0rd
test165,P@ssw0rd
test166,P@ssw0rd
test167,P@ssw0rd
test168,P@ssw0rd
test169,P@ssw0rd
test170,P@ssw0rd
test171,P@ssw0rd
test172,P@ssw0rd
test173,P@ssw0rd
test174,P@ssw0rd
test175,P@ssw0rd
test176,P@ssw0rd
test177,P@ssw0rd
test178,P@ssw0rd
test179,P@ssw0rd
test180,P@ssw0rd
test181,P@ssw0rd
test182,P@ssw0rd
test183,P@ssw0rd
test184,P@ssw0rd
test185,P@ssw0rd
test186,P@ssw0rd
test187,P@ssw0rd
test188,P@ssw0rd
test189,P@ssw0rd
test190,P@ssw0rd
test191,P@ssw0rd
test192,P@ssw0rd
test193,P@ssw0rd
test194,P@ssw0rd
test195,P@ssw0rd
test196,P@ssw0rd
test197,P@ssw0rd
test198,P@ssw0rd
test199,P@ssw0rd
test200,P@ssw0rd
test201,P@ssw0rd
test202,P@ssw0rd
test203,P@ssw0rd
test204,P@ssw0rd
test205,P@ssw0rd
test206,P@ssw0rd
test207,P@ssw0rd
test208,P@ssw0rd
test209,P@ssw0rd
test210,P@ssw0rd
test211,P@ssw0rd
test212,P@ssw0rd
test213,P@ssw0rd
test214,P@ssw0rd
test215,P@ssw0rd
test216,P@ssw0rd
test217,P@ssw0rd
test218,P@ssw0rd
test219,P@ssw0rd
test220,P@ssw0rd
test221,P@ssw0rd
test222,P@ssw0rd
test223,P@ssw0rd
test224,P@ssw0rd
test225,P@ssw0rd
test226,P@ssw0rd
test227,P@ssw0rd
test228,P@ssw0rd
test229,P@ssw0rd
test230,P@ssw0rd
test231,P@ssw0rd
test232,P@ssw0rd
test233,P@ssw0rd
test234,P@ssw0rd
test235,P@ssw0rd
test236,P@ssw0rd
test237,P@ssw0rd
test238,P@ssw0rd
test239,P@ssw0rd
test240,P@ssw0rd
test241,P@ssw0rd
test242,P@ssw0rd
test243,P@ssw0rd
test244,P@ssw0rd
test245,P@ssw0rd
test246,P@ssw0rd
test247,P@ssw0rd
test248,P@ssw0rd
test249,P@ssw0rd
test250,P@ssw0rd
test251,P@ssw0rd
test252,P@ssw0rd
test253,P@ssw0rd
test254,P@ssw0rd
test255,P@ssw0rd
test256,P@ssw0rd
test257,P@ssw0rd
test258,P@ssw0rd
test259,P@ssw0rd
test260,P@ssw0rd
test261,P@ssw0rd
test262,P@ssw0rd
test263,P@ssw0rd
test264,P@ssw0rd
test265,P@ssw0rd
test266,P@ssw0rd
test267,P@ssw0rd
test268,P@ssw0rd
test269,P@ssw0rd
test270,P@ssw0rd
test271,P@ssw0rd
test272,P@ssw0rd
test273,P@ssw0rd
test274,P@ssw0rd
test275,P@ssw0rd
test276,P@ssw0rd
test277,P@ssw0rd
test278,P@ssw0rd
test279,P@ssw0rd
test280,P@ssw0rd
test281,P@ssw0rd
test282,P@ssw0rd
test283,P@ssw0rd
test284,P@ssw0rd
test285,P@ssw0rd
test286,P@ssw0rd
test287,P@ssw0rd
test288,P@ssw0rd
test289,P@ssw0rd
test290,P@ssw0rd
test291,P@ssw0rd
test292,P@ssw0rd
test293,P@ssw0rd
test294,P@ssw0rd
test295,P@ssw0rd
test296,P@ssw0rd
test297,P@ssw0rd
test298,P@ssw0rd
test299,P@ssw0rd
test300,P@ssw0rd
test301,P@ssw0rd
test302,P@ssw0rd
test303,P@ssw0rd
test304,P@ssw0rd
test305,P@ssw0rd
test306,P@ssw0rd
test307,P@ssw0rd
test308,P@ssw0rd
test309,P@ssw0rd
test310,P@ssw0rd
test311,P@ssw0rd
test312,P@ssw0rd
test313,P@ssw0rd
test314,P@ssw0rd
test315,P@ssw0rd
test316,P@ssw0rd
test317,P@ssw0rd
test318,P@ssw0rd
test319,P@ssw0rd
test320,P@ssw0rd
test321,P@ssw0rd
test322,P@ssw0rd
test323,P@ssw0rd
test324,P@ssw0rd
test325,P@ssw0rd
test326,P@ssw0rd
test327,P@ssw0rd
test328,P@ssw0rd
test329,P@ssw0rd
test330,P@ssw0rd
test331,P@ssw0rd
test332,P@ssw0rd
test333,P@ssw0rd
test334,P@ssw0rd
test335,P@ssw0rd
test336,P@ssw0rd
test337,P@ssw0rd
test338,P@ssw0rd
test339,P@ssw0rd
test340,P@ssw0rd
test341,P@ssw0rd
test342,P@ssw0rd
test343,P@ssw0rd
test344,P@ssw0rd
test345,P@ssw0rd
test346,P@ssw0rd
test347,P@ssw0rd
test348,P@ssw0rd
test349,P@ssw0rd
test350,P@ssw0rd
test351,P@ssw0rd
test352,P@ssw0rd
test353,P@ssw0rd
test354,P@ssw0rd
test355,P@ssw0rd
test356,P@ssw0rd
test357,P@ssw0rd
test358,P@ssw0rd
test359,P@ssw0rd
test360,P@ssw0rd
test361,P@ssw0rd
test362,P@ssw0rd
test363,P@ssw0rd
test364,P@ssw0rd
test365,P@ssw0rd
test366,P@ssw0rd
test367,P@ssw0rd
test368,P@ssw0rd
test369,P@ssw0rd
test370,P@ssw0rd
test371,P@ssw0rd
test372,P@ssw0rd
test373,P@ssw0rd
test374,P@ssw0rd
test375,P@ssw0rd
test376,P@ssw0rd
test377,P@ssw0rd
test378,P@ssw0rd
test379,P@ssw0rd
test380,P@ssw0rd
test381,P@ssw0rd
test382,P@ssw0rd
test383,P@ssw0rd
test384,P@ssw0rd
test385,P@ssw0rd
test386,P@ssw0rd
test387,P@ssw0rd
test388,P@ssw0rd
test389,P@ssw0rd
test390,P@ssw0rd
test391,P@ssw0rd
test392,P@ssw0rd
test393,P@ssw0rd
test394,P@ssw0rd
test395,P@ssw0rd
test396,P@ssw0rd
test397,P@ssw0rd
test398,P@ssw0rd
test399,P@ssw0rd
test400,P@ssw0rd
test401,P@ssw0rd
test402,P@ssw0rd
test403,P@ssw0rd
test404,P@ssw0rd
test405,P@ssw0rd
test406,P@ssw0rd
test407,P@ssw0rd
test408,P@ssw0rd
test409,P@ssw0rd
test410,P@ssw0rd
test411,P@ssw0rd
test412,P@ssw0rd
test413,P@ssw0rd
test414,P@ssw0rd
test415,P@ssw0rd
test416,P@ssw0rd
test417,P@ssw0rd
test418,P@ssw0rd
test419,P@ssw0rd
test420,P@ssw0rd
test421,P@ssw0rd
test422,P@ssw0rd
test423,P@ssw0rd
test424,P@ssw0rd
test425,P@ssw0rd
test426,P@ssw0rd
test427,P@ssw0rd
test428,P@ssw0rd
test429,P@ssw0rd
test430,P@ssw0rd
test431,P@ssw0rd
test432,P@ssw0rd
test433,P@ssw0rd
test434,P@ssw0rd
test435,P@ssw0rd
test436,P@ssw0rd
test437,P@ssw0rd
test438,P@ssw0rd
test439,P@ssw0rd
test440,P@ssw0rd
test441,P@ssw0rd
test442,P@ssw0rd
test443,P@ssw0rd
test444,P@ssw0rd
test445,P@ssw0rd
test446,P@ssw0rd
test447,P@ssw0rd
test448,P@ssw0rd
test449,P@ssw0rd
test450,P@ssw0rd
test451,P@ssw0rd
test452,P@ssw0rd
test453,P@ssw0rd
test454,P@ssw0rd
test455,P@ssw0rd
test456,P@ssw0rd
test457,P@ssw0rd
test458,P@ssw0rd
test459,P@ssw0rd
test460,P@ssw0rd
test461,P@ssw0rd
test462,P@ssw0rd
test463,P@ssw0rd
test464,P@ssw0rd
test465,P@ssw0rd
test466,P@ssw0rd
test467,P@ssw0rd
test468,P@ssw0rd
test469,P@ssw0rd
test470,P@ssw0rd
test471,P@ssw0rd
test472,P@ssw0rd
test473,P@ssw0rd
test474,P@ssw0rd
test475,P@ssw0rd
test476,P@ssw0rd
test477,P@ssw0rd
test478,P@ssw0rd
test479,P@ssw0rd
test480,P@ssw0rd
test481,P@ssw0rd
test482,P@ssw0rd
test483,P@ssw0rd
test484,P@ssw0rd
test485,P@ssw0rd
test486,P@ssw0rd
test487,P@ssw0rd
test488,P@ssw0rd
test489,P@ssw0rd
test490,P@ssw0rd
test491,P@ssw0rd
test492,P@ssw0rd
test493,P@ssw0rd
test494,P@ssw0rd
test495,P@ssw0rd
test496,P@ssw0rd
test497,P@ssw0rd
test498,P@ssw0rd
test499,P@ssw0rd
test500,P@ssw0rd
test501,P@ssw0rd
test502,P@ssw0rd
test503,P@ssw0rd
test504,P@ssw0rd
test505,P@ssw0rd
test506,P@ssw0rd
test507,P@ssw0rd
test508,P@ssw0rd
test509,P@ssw0rd
test510,P@ssw0rd
test511,P@ssw0rd
test512,P@ssw0rd
test513,P@ssw0rd
test514,P@ssw0rd
test515,P@ssw0rd
test516,P@ssw0rd
test517,P@ssw0rd
test518,P@ssw0rd
test519,P@ssw0rd
test520,P@ssw0rd
test521,P@ssw0rd
test522,P@ssw0rd
test523,P@ssw0rd
test524,P@ssw0rd
test525,P@ssw0rd
test526,P@ssw0rd
test527,P@ssw0rd
test528,P@ssw0rd
test529,P@ssw0rd
test530,P@ssw0rd
test531,P@ssw0rd
test532,P@ssw0rd
test533,P@ssw0rd
test534,P@ssw0rd
test535,P@ssw0rd
test536,P@ssw0rd
test537,P@ssw0rd
test538,P@ssw0rd
test539,P@ssw0rd
test540,P@ssw0rd
test541,P@ssw0rd
test542,P@ssw0rd
test543,P@ssw0rd
test544,P@ssw0rd
test545,P@ssw0rd
test546,P@ssw0rd
test547,P@ssw0rd
test548,P@ssw0rd
test549,P@ssw0rd
test550,P@ssw0rd
test551,P@ssw0rd
test552,P@ssw0rd
test553,P@ssw0rd
test554,P@ssw0rd
test555,P@ssw0rd
test556,P@ssw0rd
test557,P@ssw0rd
test558,P@ssw0rd
test559,P@ssw0rd
test560,P@ssw0rd
test561,P@ssw0rd
test562,P@ssw0rd
test563,P@ssw0rd
test564,P@ssw0rd
test565,P@ssw0rd
test566,P@ssw0rd
test567,P@ssw0rd
test568,P@ssw0rd
test569,P@ssw0rd
test570,P@ssw0rd
test571,P@ssw0rd
test572,P@ssw0rd
test573,P@ssw0rd
test574,P@ssw0rd
test575,P@ssw0rd
test576,P@ssw0rd
test577,P@ssw0rd
test578,P@ssw0rd
test579,P@ssw0rd
test580,P@ssw0rd
test581,P@ssw0rd
test582,P@ssw0rd
test583,P@ssw0rd
test584,P@ssw0rd
test585,P@ssw0rd
test586,P@ssw0rd
test587,P@ssw0rd
test588,P@ssw0rd
test589,P@ssw0rd
test590,P@ssw0rd
test591,P@ssw0rd
test592,P@ssw0rd
test593,P@ssw0rd
test594,P@ssw0rd
test595,P@ssw0rd
test596,P@ssw0rd
test597,P@ssw0rd
test598,P@ssw0rd
test599,P@ssw0rd
test600,P@ssw0rd
test601,P@ssw0rd
test602,P@ssw0rd
test603,P@ssw0rd
test604,P@ssw0rd
test605,P@ssw0rd
test606,P@ssw0rd
test607,P@ssw0rd
test608,P@ssw0rd
test609,P@ssw0rd
test610,P@ssw0rd
test611,P@ssw0rd
test612,P@ssw0rd
test613,P@ssw0rd
test614,P@ssw0rd
test615,P@ssw0rd
test616,P@ssw0rd
test617,P@ssw0rd
test618,P@ssw0rd
test619,P@ssw0rd
test620,P@ssw0rd
test621,P@ssw0rd
test622,P@ssw0rd
test623,P@ssw0rd
test624,P@ssw0rd
test625,P@ssw0rd
test626,P@ssw0rd
test627,P@ssw0rd
test628,P@ssw0rd
test629,P@ssw0rd
test630,P@ssw0rd
test631,P@ssw0rd
test632,P@ssw0rd
test633,P@ssw0rd
test634,P@ssw0rd
test635,P@ssw0rd
test636,P@ssw0rd
test637,P@ssw0rd
test638,P@ssw0rd
test639,P@ssw0rd
test640,P@ssw0rd
test641,P@ssw0rd
test642,P@ssw0rd
test643,P@ssw0rd
test644,P@ssw0rd
test645,P@ssw0rd
test646,P@ssw0rd
test647,P@ssw0rd
test648,P@ssw0rd
test649,P@ssw0rd
test650,P@ssw0rd
test651,P@ssw0rd
test652,P@ssw0rd
test653,P@ssw0rd
test654,P@ssw0rd
test655,P@ssw0rd
test656,P@ssw0rd
test657,P@ssw0rd
test658,P@ssw0rd
test659,P@ssw0rd
test660,P@ssw0rd
test661,P@ssw0rd
test662,P@ssw0rd
test663,P@ssw0rd
test664,P@ssw0rd
test665,P@ssw0rd
test666,P@ssw0rd
test667,P@ssw0rd
test668,P@ssw0rd
test669,P@ssw0rd
test670,P@ssw0rd
test671,P@ssw0rd
test672,P@ssw0rd
test673,P@ssw0rd
test674,P@ssw0rd
test675,P@ssw0rd
test676,P@ssw0rd
test677,P@ssw0rd
test678,P@ssw0rd
test679,P@ssw0rd
test680,P@ssw0rd
test681,P@ssw0rd
test682,P@ssw0rd
test683,P@ssw0rd
test684,P@ssw0rd
test685,P@ssw0rd
test686,P@ssw0rd
test687,P@ssw0rd
test688,P@ssw0rd
test689,P@ssw0rd
test690,P@ssw0rd
test691,P@ssw0rd
test692,P@ssw0rd
test693,P@ssw0rd
test694,P@ssw0rd
test695,P@ssw0rd
test696,P@ssw0rd
test697,P@ssw0rd
test698,P@ssw0rd
test699,P@ssw0rd
test700,P@ssw0rd
test701,P@ssw0rd
test702,P@ssw0rd
test703,P@ssw0rd
test704,P@ssw0rd
test705,P@ssw0rd
test706,P@ssw0rd
test707,P@ssw0rd
test708,P@ssw0rd
test709,P@ssw0rd
test710,P@ssw0rd
test711,P@ssw0rd
test712,P@ssw0rd
test713,P@ssw0rd
test714,P@ssw0rd
test715,P@ssw0rd
test716,P@ssw0rd
test717,P@ssw0rd
test718,P@ssw0rd
test719,P@ssw0rd
test720,P@ssw0rd
test721,P@ssw0rd
test722,P@ssw0rd
test723,P@ssw0rd
test724,P@ssw0rd
test725,P@ssw0rd
test726,P@ssw0rd
test727,P@ssw0rd
test728,P@ssw0rd
test729,P@ssw0rd
test730,P@ssw0rd
test731,P@ssw0rd
test732,P@ssw0rd
test733,P@ssw0rd
test734,P@ssw0rd
test735,P@ssw0rd
test736,P@ssw0rd
test737,P@ssw0rd
test738,P@ssw0rd
test739,P@ssw0rd
test740,P@ssw0rd
test741,P@ssw0rd
test742,P@ssw0rd
test743,P@ssw0rd
test744,P@ssw0rd
test745,P@ssw0rd
test746,P@ssw0rd
test747,P@ssw0rd
test748,P@ssw0rd
test749,P@ssw0rd
test750,P@ssw0rd
test751,P@ssw0rd
test752,P@ssw0rd
test753,P@ssw0rd
test754,P@ssw0rd
test755,P@ssw0rd
test756,P@ssw0rd
test757,P@ssw0rd
test758,P@ssw0rd
test759,P@ssw0rd
test760,P@ssw0rd
test761,P@ssw0rd
test762,P@ssw0rd
test763,P@ssw0rd
test764,P@ssw0rd
test765,P@ssw0rd
test766,P@ssw0rd
test767,P@ssw0rd
test768,P@ssw0rd
test769,P@ssw0rd
test770,P@ssw0rd
test771,P@ssw0rd
test772,P@ssw0rd
test773,P@ssw0rd
test774,P@ssw0rd
test775,P@ssw0rd
test776,P@ssw0rd
test777,P@ssw0rd
test778,P@ssw0rd
test779,P@ssw0rd
test780,P@ssw0rd
test781,P@ssw0rd
test782,P@ssw0rd
test783,P@ssw0rd
test784,P@ssw0rd
test785,P@ssw0rd
test786,P@ssw0rd
test787,P@ssw0rd
test788,P@ssw0rd
test789,P@ssw0rd
test790,P@ssw0rd
test791,P@ssw0rd
test792,P@ssw0rd
test793,P@ssw0rd
test794,P@ssw0rd
test795,P@ssw0rd
test796,P@ssw0rd
test797,P@ssw0rd
test798,P@ssw0rd
test799,P@ssw0rd
test800,P@ssw0rd
test801,P@ssw0rd
test802,P@ssw0rd
test803,P@ssw0rd
test804,P@ssw0rd
test805,P@ssw0rd
test806,P@ssw0rd
test807,P@ssw0rd
test808,P@ssw0rd
test809,P@ssw0rd
test810,P@ssw0rd
test811,P@ssw0rd
test812,P@ssw0rd
test813,P@ssw0rd
test814,P@ssw0rd
test815,P@ssw0rd
test816,P@ssw0rd
test817,P@ssw0rd
test818,P@ssw0rd
test819,P@ssw0rd
test820,P@ssw0rd
test821,P@ssw0rd
test822,P@ssw0rd
test823,P@ssw0rd
test824,P@ssw0rd
test825,P@ssw0rd
test826,P@ssw0rd
test827,P@ssw0rd
test828,P@ssw0rd
test829,P@ssw0rd
test830,P@ssw0rd
test831,P@ssw0rd
test832,P@ssw0rd
test833,P@ssw0rd
test834,P@ssw0rd
test835,P@ssw0rd
test836,P@ssw0rd
test837,P@ssw0rd
test838,P@ssw0rd
test839,P@ssw0rd
test840,P@ssw0rd
test841,P@ssw0rd
test842,P@ssw0rd
test843,P@ssw0rd
test844,P@ssw0rd
test845,P@ssw0rd
test846,P@ssw0rd
test847,P@ssw0rd
test848,P@ssw0rd
test849,P@ssw0rd
test850,P@ssw0rd
test851,P@ssw0rd
test852,P@ssw0rd
test853,P@ssw0rd
test854,P@ssw0rd
test855,P@ssw0rd
test856,P@ssw0rd
test857,P@ssw0rd
test858,P@ssw0rd
test859,P@ssw0rd
test860,P@ssw0rd
test861,P@ssw0rd
test862,P@ssw0rd
test863,P@ssw0rd
test864,P@ssw0rd
test865,P@ssw0rd
test866,P@ssw0rd
test867,P@ssw0rd
test868,P@ssw0rd
test869,P@ssw0rd
test870,P@ssw0rd
test871,P@ssw0rd
test872,P@ssw0rd
test873,P@ssw0rd
test874,P@ssw0rd
test875,P@ssw0rd
test876,P@ssw0rd
test877,P@ssw0rd
test878,P@ssw0rd
test879,P@ssw0rd
test880,P@ssw0rd
test881,P@ssw0rd
test882,P@ssw0rd
test883,P@ssw0rd
test884,P@ssw0rd
test885,P@ssw0rd
test886,P@ssw0rd
test887,P@ssw0rd
test888,P@ssw0rd
test889,P@ssw0rd
test890,P@ssw0rd
test891,P@ssw0rd
test892,P@ssw0rd
test893,P@ssw0rd
test894,P@ssw0rd
test895,P@ssw0rd
test896,P@ssw0rd
test897,P@ssw0rd
test898,P@ssw0rd
test899,P@ssw0rd
test900,P@ssw0rd
test901,P@ssw0rd
test902,P@ssw0rd
test903,P@ssw0rd
test904,P@ssw0rd
test905,P@ssw0rd
test906,P@ssw0rd
test907,P@ssw0rd
test908,P@ssw0rd
test909,P@ssw0rd
test910,P@ssw0rd
test911,P@ssw0rd
test912,P@ssw0rd
test913,P@ssw0rd
test914,P@ssw0rd
test915,P@ssw0rd
test916,P@ssw0rd
test917,P@ssw0rd
test918,P@ssw0rd
test919,P@ssw0rd
test920,P@ssw0rd
test921,P@ssw0rd
test922,P@ssw0rd
test923,P@ssw0rd
test924,P@ssw0rd
test925,P@ssw0rd
test926,P@ssw0rd
test927,P@ssw0rd
test928,P@ssw0rd
test929,P@ssw0rd
test930,P@ssw0rd
test931,P@ssw0rd
test932,P@ssw0rd
test933,P@ssw0rd
test934,P@ssw0rd
test935,P@ssw0rd
test936,P@ssw0rd
test937,P@ssw0rd
test938,P@ssw0rd
test939,P@ssw0rd
test940,P@ssw0rd
test941,P@ssw0rd
test942,P@ssw0rd
test943,P@ssw0rd
test944,P@ssw0rd
test945,P@ssw0rd
test946,P@ssw0rd
test947,P@ssw0rd
test948,P@ssw0rd
test949,P@ssw0rd
test950,P@ssw0rd
test951,P@ssw0rd
test952,P@ssw0rd
test953,P@ssw0rd
test954,P@ssw0rd
test955,P@ssw0rd
test956,P@ssw0rd
test957,P@ssw0rd
test958,P@ssw0rd
test959,P@ssw0rd
test960,P@ssw0rd
test961,P@ssw0rd
test962,P@ssw0rd
test963,P@ssw0rd
test964,P@ssw0rd
test965,P@ssw0rd
test966,P@ssw0rd
test967,P@ssw0rd
test968,P@ssw0rd
test969,P@ssw0rd
test970,P@ssw0rd
test971,P@ssw0rd
test972,P@ssw0rd
test973,P@ssw0rd
test974,P@ssw0rd
test975,P@ssw0rd
test976,P@ssw0rd
test977,P@ssw0rd
test978,P@ssw0rd
test979,P@ssw0rd
test980,P@ssw0rd
test981,P@ssw0rd
test982,P@ssw0rd
test983,P@ssw0rd
test984,P@ssw0rd
test985,P@ssw0rd
test986,P@ssw0rd
test987,P@ssw0rd
test988,P@ssw0rd
test989,P@ssw0rd
test990,P@ssw0rd
test991,P@ssw0rd
test992,P@ssw0rd
test993,P@ssw0rd
test994,P@ssw0rd
test995,P@ssw0rd
test996,P@ssw0rd
test997,P@ssw0rd
test998,P@ssw0rd
test999,P@ssw0rd
test1000,P@ssw0rd
